agv_id,field_name,source_url,source_type,accessed_at,evidence_note,reviewer,confidence
fli_2014,entity_type,https://futureoflife.org/about-us/our-history/,human_verification,2026-04-23,v0.3 seed migration: maintainer-confirmed entity_type against canonical reference at migration time,s00048ri,high
fli_2014,founded_date,https://futureoflife.org/about-us/our-history/,human_verification,2026-04-23,v0.3 seed migration: maintainer-confirmed founded_date against canonical reference at migration time,s00048ri,high
fli_2014,current_state,https://futureoflife.org/about-us/our-history/,human_verification,2026-04-23,v0.3 seed migration: maintainer-confirmed current_state against canonical reference at migration time,s00048ri,high
fli_2014,legal_character,https://futureoflife.org/about-us/our-history/,human_verification,2026-04-23,v0.3 seed migration: maintainer-confirmed legal_character against canonical reference at migration time,s00048ri,high
asilomar_2017,entity_type,https://futureoflife.org/open-letter/ai-principles/,human_verification,2026-04-23,v0.3 seed migration: maintainer-confirmed entity_type against canonical reference at migration time,s00048ri,high
asilomar_2017,founded_date,https://futureoflife.org/open-letter/ai-principles/,human_verification,2026-04-23,v0.3 seed migration: maintainer-confirmed founded_date against canonical reference at migration time,s00048ri,high
asilomar_2017,current_state,https://futureoflife.org/open-letter/ai-principles/,human_verification,2026-04-23,v0.3 seed migration: maintainer-confirmed current_state against canonical reference at migration time,s00048ri,high
asilomar_2017,legal_character,https://futureoflife.org/open-letter/ai-principles/,human_verification,2026-04-23,v0.3 seed migration: maintainer-confirmed legal_character against canonical reference at migration time,s00048ri,high
partnership_ai,entity_type,https://partnershiponai.org/,human_verification,2026-04-23,v0.3 seed migration: maintainer-confirmed entity_type against canonical reference at migration time,s00048ri,high
partnership_ai,founded_date,https://partnershiponai.org/,human_verification,2026-04-23,v0.3 seed migration: maintainer-confirmed founded_date against canonical reference at migration time,s00048ri,high
partnership_ai,current_state,https://partnershiponai.org/,human_verification,2026-04-23,v0.3 seed migration: maintainer-confirmed current_state against canonical reference at migration time,s00048ri,high
partnership_ai,legal_character,https://partnershiponai.org/,human_verification,2026-04-23,v0.3 seed migration: maintainer-confirmed legal_character against canonical reference at migration time,s00048ri,high
oecd_ai_principles,entity_type,https://oecd.ai/en/ai-principles,human_verification,2026-04-23,v0.3 seed migration: maintainer-confirmed entity_type against canonical reference at migration time,s00048ri,high
oecd_ai_principles,founded_date,https://oecd.ai/en/ai-principles,human_verification,2026-04-23,v0.3 seed migration: maintainer-confirmed founded_date against canonical reference at migration time,s00048ri,high
oecd_ai_principles,current_state,https://oecd.ai/en/ai-principles,human_verification,2026-04-23,v0.3 seed migration: maintainer-confirmed current_state against canonical reference at migration time,s00048ri,high
oecd_ai_principles,legal_character,https://oecd.ai/en/ai-principles,human_verification,2026-04-23,v0.3 seed migration: maintainer-confirmed legal_character against canonical reference at migration time,s00048ri,high
oecd_ai_observatory,entity_type,https://oecd.ai/,human_verification,2026-04-23,v0.3 seed migration: maintainer-confirmed entity_type against canonical reference at migration time,s00048ri,high
oecd_ai_observatory,founded_date,https://oecd.ai/,human_verification,2026-04-23,v0.3 seed migration: maintainer-confirmed founded_date against canonical reference at migration time,s00048ri,high
oecd_ai_observatory,current_state,https://oecd.ai/,human_verification,2026-04-23,v0.3 seed migration: maintainer-confirmed current_state against canonical reference at migration time,s00048ri,high
oecd_ai_observatory,legal_character,https://oecd.ai/,human_verification,2026-04-23,v0.3 seed migration: maintainer-confirmed legal_character against canonical reference at migration time,s00048ri,high
gpai_2020,entity_type,https://gpai.ai/,human_verification,2026-04-23,v0.3 seed migration: maintainer-confirmed entity_type against canonical reference at migration time,s00048ri,high
gpai_2020,founded_date,https://gpai.ai/,human_verification,2026-04-23,v0.3 seed migration: maintainer-confirmed founded_date against canonical reference at migration time,s00048ri,high
gpai_2020,current_state,https://gpai.ai/,human_verification,2026-04-23,v0.3 seed migration: maintainer-confirmed current_state against canonical reference at migration time,s00048ri,high
gpai_2020,legal_character,https://gpai.ai/,human_verification,2026-04-23,v0.3 seed migration: maintainer-confirmed legal_character against canonical reference at migration time,s00048ri,high
gpai_integrated,entity_type,https://oecd.ai/en/gpai,human_verification,2026-04-23,v0.3 seed migration: maintainer-confirmed entity_type against canonical reference at migration time,s00048ri,high
gpai_integrated,founded_date,https://oecd.ai/en/gpai,human_verification,2026-04-23,v0.3 seed migration: maintainer-confirmed founded_date against canonical reference at migration time,s00048ri,high
gpai_integrated,current_state,https://oecd.ai/en/gpai,human_verification,2026-04-23,v0.3 seed migration: maintainer-confirmed current_state against canonical reference at migration time,s00048ri,high
gpai_integrated,legal_character,https://oecd.ai/en/gpai,human_verification,2026-04-23,v0.3 seed migration: maintainer-confirmed legal_character against canonical reference at migration time,s00048ri,high
eu_hleg_ai,entity_type,https://digital-strategy.ec.europa.eu/en/policies/expert-group-ai,human_verification,2026-04-23,v0.3 seed migration: maintainer-confirmed entity_type against canonical reference at migration time,s00048ri,high
eu_hleg_ai,founded_date,https://digital-strategy.ec.europa.eu/en/policies/expert-group-ai,human_verification,2026-04-23,v0.3 seed migration: maintainer-confirmed founded_date against canonical reference at migration time,s00048ri,high
eu_hleg_ai,current_state,https://digital-strategy.ec.europa.eu/en/policies/expert-group-ai,human_verification,2026-04-23,v0.3 seed migration: maintainer-confirmed current_state against canonical reference at migration time,s00048ri,high
eu_hleg_ai,legal_character,https://digital-strategy.ec.europa.eu/en/policies/expert-group-ai,human_verification,2026-04-23,v0.3 seed migration: maintainer-confirmed legal_character against canonical reference at migration time,s00048ri,high
iso_iec_sc42,entity_type,https://www.iso.org/committee/6794475.html,human_verification,2026-04-23,v0.3 seed migration: maintainer-confirmed entity_type against canonical reference at migration time,s00048ri,high
iso_iec_sc42,founded_date,https://www.iso.org/committee/6794475.html,human_verification,2026-04-23,v0.3 seed migration: maintainer-confirmed founded_date against canonical reference at migration time,s00048ri,high
iso_iec_sc42,current_state,https://www.iso.org/committee/6794475.html,human_verification,2026-04-23,v0.3 seed migration: maintainer-confirmed current_state against canonical reference at migration time,s00048ri,high
iso_iec_sc42,legal_character,https://www.iso.org/committee/6794475.html,human_verification,2026-04-23,v0.3 seed migration: maintainer-confirmed legal_character against canonical reference at migration time,s00048ri,high
unesco_ai_ethics,entity_type,https://www.unesco.org/en/artificial-intelligence/recommendation-ethics,human_verification,2026-04-23,v0.3 seed migration: maintainer-confirmed entity_type against canonical reference at migration time,s00048ri,high
unesco_ai_ethics,founded_date,https://www.unesco.org/en/artificial-intelligence/recommendation-ethics,human_verification,2026-04-23,v0.3 seed migration: maintainer-confirmed founded_date against canonical reference at migration time,s00048ri,high
unesco_ai_ethics,current_state,https://www.unesco.org/en/artificial-intelligence/recommendation-ethics,human_verification,2026-04-23,v0.3 seed migration: maintainer-confirmed current_state against canonical reference at migration time,s00048ri,high
unesco_ai_ethics,legal_character,https://www.unesco.org/en/artificial-intelligence/recommendation-ethics,human_verification,2026-04-23,v0.3 seed migration: maintainer-confirmed legal_character against canonical reference at migration time,s00048ri,high
g7_hiroshima_process,entity_type,https://www.mofa.go.jp/policy/economy/g7_hiroshima/,human_verification,2026-04-23,v0.3 seed migration: maintainer-confirmed entity_type against canonical reference at migration time,s00048ri,high
g7_hiroshima_process,founded_date,https://www.mofa.go.jp/policy/economy/g7_hiroshima/,human_verification,2026-04-23,v0.3 seed migration: maintainer-confirmed founded_date against canonical reference at migration time,s00048ri,high
g7_hiroshima_process,current_state,https://www.mofa.go.jp/policy/economy/g7_hiroshima/,human_verification,2026-04-23,v0.3 seed migration: maintainer-confirmed current_state against canonical reference at migration time,s00048ri,high
g7_hiroshima_process,legal_character,https://www.mofa.go.jp/policy/economy/g7_hiroshima/,human_verification,2026-04-23,v0.3 seed migration: maintainer-confirmed legal_character against canonical reference at migration time,s00048ri,high
bletchley_summit,entity_type,https://www.gov.uk/government/topical-events/ai-safety-summit-2023,human_verification,2026-04-23,v0.3 seed migration: maintainer-confirmed entity_type against canonical reference at migration time,s00048ri,high
bletchley_summit,founded_date,https://www.gov.uk/government/topical-events/ai-safety-summit-2023,human_verification,2026-04-23,v0.3 seed migration: maintainer-confirmed founded_date against canonical reference at migration time,s00048ri,high
bletchley_summit,current_state,https://www.gov.uk/government/topical-events/ai-safety-summit-2023,human_verification,2026-04-23,v0.3 seed migration: maintainer-confirmed current_state against canonical reference at migration time,s00048ri,high
bletchley_summit,legal_character,https://www.gov.uk/government/topical-events/ai-safety-summit-2023,human_verification,2026-04-23,v0.3 seed migration: maintainer-confirmed legal_character against canonical reference at migration time,s00048ri,high
seoul_summit,entity_type,https://www.gov.uk/government/topical-events/ai-seoul-summit-2024,human_verification,2026-04-23,v0.3 seed migration: maintainer-confirmed entity_type against canonical reference at migration time,s00048ri,high
seoul_summit,founded_date,https://www.gov.uk/government/topical-events/ai-seoul-summit-2024,human_verification,2026-04-23,v0.3 seed migration: maintainer-confirmed founded_date against canonical reference at migration time,s00048ri,high
seoul_summit,current_state,https://www.gov.uk/government/topical-events/ai-seoul-summit-2024,human_verification,2026-04-23,v0.3 seed migration: maintainer-confirmed current_state against canonical reference at migration time,s00048ri,high
seoul_summit,legal_character,https://www.gov.uk/government/topical-events/ai-seoul-summit-2024,human_verification,2026-04-23,v0.3 seed migration: maintainer-confirmed legal_character against canonical reference at migration time,s00048ri,high
paris_action_summit,entity_type,https://www.elysee.fr/en/sommet-pour-l-action-sur-l-ia,human_verification,2026-04-23,v0.3 seed migration: maintainer-confirmed entity_type against canonical reference at migration time,s00048ri,high
paris_action_summit,founded_date,https://www.elysee.fr/en/sommet-pour-l-action-sur-l-ia,human_verification,2026-04-23,v0.3 seed migration: maintainer-confirmed founded_date against canonical reference at migration time,s00048ri,high
paris_action_summit,current_state,https://www.elysee.fr/en/sommet-pour-l-action-sur-l-ia,human_verification,2026-04-23,v0.3 seed migration: maintainer-confirmed current_state against canonical reference at migration time,s00048ri,high
paris_action_summit,legal_character,https://www.elysee.fr/en/sommet-pour-l-action-sur-l-ia,human_verification,2026-04-23,v0.3 seed migration: maintainer-confirmed legal_character against canonical reference at migration time,s00048ri,high
uk_aisi,entity_type,https://www.aisi.gov.uk/,human_verification,2026-04-23,v0.3 seed migration: maintainer-confirmed entity_type against canonical reference at migration time,s00048ri,high
uk_aisi,founded_date,https://www.aisi.gov.uk/,human_verification,2026-04-23,v0.3 seed migration: maintainer-confirmed founded_date against canonical reference at migration time,s00048ri,high
uk_aisi,current_state,https://www.aisi.gov.uk/,human_verification,2026-04-23,v0.3 seed migration: maintainer-confirmed current_state against canonical reference at migration time,s00048ri,high
uk_aisi,legal_character,https://www.aisi.gov.uk/,human_verification,2026-04-23,v0.3 seed migration: maintainer-confirmed legal_character against canonical reference at migration time,s00048ri,high
us_aisi,entity_type,https://www.nist.gov/aisi,human_verification,2026-04-23,v0.3 seed migration: maintainer-confirmed entity_type against canonical reference at migration time,s00048ri,high
us_aisi,founded_date,https://www.nist.gov/aisi,human_verification,2026-04-23,v0.3 seed migration: maintainer-confirmed founded_date against canonical reference at migration time,s00048ri,high
us_aisi,current_state,https://www.nist.gov/aisi,human_verification,2026-04-23,v0.3 seed migration: maintainer-confirmed current_state against canonical reference at migration time,s00048ri,high
us_aisi,legal_character,https://www.nist.gov/aisi,human_verification,2026-04-23,v0.3 seed migration: maintainer-confirmed legal_character against canonical reference at migration time,s00048ri,high
japan_aisi,entity_type,https://aisi.go.jp/,human_verification,2026-04-23,v0.3 seed migration: maintainer-confirmed entity_type against canonical reference at migration time,s00048ri,high
japan_aisi,founded_date,https://aisi.go.jp/,human_verification,2026-04-23,v0.3 seed migration: maintainer-confirmed founded_date against canonical reference at migration time,s00048ri,high
japan_aisi,current_state,https://aisi.go.jp/,human_verification,2026-04-23,v0.3 seed migration: maintainer-confirmed current_state against canonical reference at migration time,s00048ri,high
japan_aisi,legal_character,https://aisi.go.jp/,human_verification,2026-04-23,v0.3 seed migration: maintainer-confirmed legal_character against canonical reference at migration time,s00048ri,high
singapore_ai_verify,entity_type,https://aiverifyfoundation.sg/,human_verification,2026-04-23,v0.3 seed migration: maintainer-confirmed entity_type against canonical reference at migration time,s00048ri,high
singapore_ai_verify,founded_date,https://aiverifyfoundation.sg/,human_verification,2026-04-23,v0.3 seed migration: maintainer-confirmed founded_date against canonical reference at migration time,s00048ri,high
singapore_ai_verify,current_state,https://aiverifyfoundation.sg/,human_verification,2026-04-23,v0.3 seed migration: maintainer-confirmed current_state against canonical reference at migration time,s00048ri,high
singapore_ai_verify,legal_character,https://aiverifyfoundation.sg/,human_verification,2026-04-23,v0.3 seed migration: maintainer-confirmed legal_character against canonical reference at migration time,s00048ri,high
frontier_model_forum,entity_type,https://www.frontiermodelforum.org/,human_verification,2026-04-23,v0.3 seed migration: maintainer-confirmed entity_type against canonical reference at migration time,s00048ri,high
frontier_model_forum,founded_date,https://www.frontiermodelforum.org/,human_verification,2026-04-23,v0.3 seed migration: maintainer-confirmed founded_date against canonical reference at migration time,s00048ri,high
frontier_model_forum,current_state,https://www.frontiermodelforum.org/,human_verification,2026-04-23,v0.3 seed migration: maintainer-confirmed current_state against canonical reference at migration time,s00048ri,high
frontier_model_forum,legal_character,https://www.frontiermodelforum.org/,human_verification,2026-04-23,v0.3 seed migration: maintainer-confirmed legal_character against canonical reference at migration time,s00048ri,high
mlcommons_ai_safety,entity_type,https://mlcommons.org/working-groups/ai-safety/,human_verification,2026-04-23,v0.3 seed migration: maintainer-confirmed entity_type against canonical reference at migration time,s00048ri,high
mlcommons_ai_safety,founded_date,https://mlcommons.org/working-groups/ai-safety/,human_verification,2026-04-23,v0.3 seed migration: maintainer-confirmed founded_date against canonical reference at migration time,s00048ri,high
mlcommons_ai_safety,current_state,https://mlcommons.org/working-groups/ai-safety/,human_verification,2026-04-23,v0.3 seed migration: maintainer-confirmed current_state against canonical reference at migration time,s00048ri,high
mlcommons_ai_safety,legal_character,https://mlcommons.org/working-groups/ai-safety/,human_verification,2026-04-23,v0.3 seed migration: maintainer-confirmed legal_character against canonical reference at migration time,s00048ri,high
coe_ai_convention,entity_type,https://www.coe.int/en/web/artificial-intelligence/the-framework-convention-on-artificial-intelligence,human_verification,2026-04-23,v0.3 seed migration: maintainer-confirmed entity_type against canonical reference at migration time,s00048ri,high
coe_ai_convention,founded_date,https://www.coe.int/en/web/artificial-intelligence/the-framework-convention-on-artificial-intelligence,human_verification,2026-04-23,v0.3 seed migration: maintainer-confirmed founded_date against canonical reference at migration time,s00048ri,high
coe_ai_convention,current_state,https://www.coe.int/en/web/artificial-intelligence/the-framework-convention-on-artificial-intelligence,human_verification,2026-04-23,v0.3 seed migration: maintainer-confirmed current_state against canonical reference at migration time,s00048ri,high
coe_ai_convention,legal_character,https://www.coe.int/en/web/artificial-intelligence/the-framework-convention-on-artificial-intelligence,human_verification,2026-04-23,v0.3 seed migration: maintainer-confirmed legal_character against canonical reference at migration time,s00048ri,high
un_hlab_ai,entity_type,https://www.un.org/ai-advisory-body,human_verification,2026-04-23,v0.3 seed migration: maintainer-confirmed entity_type against canonical reference at migration time,s00048ri,high
un_hlab_ai,founded_date,https://www.un.org/ai-advisory-body,human_verification,2026-04-23,v0.3 seed migration: maintainer-confirmed founded_date against canonical reference at migration time,s00048ri,high
un_hlab_ai,current_state,https://www.un.org/ai-advisory-body,human_verification,2026-04-23,v0.3 seed migration: maintainer-confirmed current_state against canonical reference at migration time,s00048ri,high
un_hlab_ai,legal_character,https://www.un.org/ai-advisory-body,human_verification,2026-04-23,v0.3 seed migration: maintainer-confirmed legal_character against canonical reference at migration time,s00048ri,high
un_scientific_panel,entity_type,https://www.un.org/global-dialogue-ai-governance/en,human_verification,2026-04-23,v0.3 seed migration: maintainer-confirmed entity_type against canonical reference at migration time,s00048ri,high
un_scientific_panel,founded_date,https://www.un.org/global-dialogue-ai-governance/en,human_verification,2026-04-23,v0.3 seed migration: maintainer-confirmed founded_date against canonical reference at migration time,s00048ri,high
un_scientific_panel,current_state,https://www.un.org/global-dialogue-ai-governance/en,human_verification,2026-04-23,v0.3 seed migration: maintainer-confirmed current_state against canonical reference at migration time,s00048ri,high
un_scientific_panel,legal_character,https://www.un.org/global-dialogue-ai-governance/en,human_verification,2026-04-23,v0.3 seed migration: maintainer-confirmed legal_character against canonical reference at migration time,s00048ri,high
un_global_dialogue,entity_type,https://www.un.org/global-dialogue-ai-governance/en,human_verification,2026-04-23,v0.3 seed migration: maintainer-confirmed entity_type against canonical reference at migration time,s00048ri,high
un_global_dialogue,founded_date,https://www.un.org/global-dialogue-ai-governance/en,human_verification,2026-04-23,v0.3 seed migration: maintainer-confirmed founded_date against canonical reference at migration time,s00048ri,high
un_global_dialogue,current_state,https://www.un.org/global-dialogue-ai-governance/en,human_verification,2026-04-23,v0.3 seed migration: maintainer-confirmed current_state against canonical reference at migration time,s00048ri,high
un_global_dialogue,legal_character,https://www.un.org/global-dialogue-ai-governance/en,human_verification,2026-04-23,v0.3 seed migration: maintainer-confirmed legal_character against canonical reference at migration time,s00048ri,high
itu_ai_for_good,entity_type,https://aiforgood.itu.int/,human_verification,2026-04-23,v0.3 seed migration: maintainer-confirmed entity_type against canonical reference at migration time,s00048ri,high
itu_ai_for_good,founded_date,https://aiforgood.itu.int/,human_verification,2026-04-23,v0.3 seed migration: maintainer-confirmed founded_date against canonical reference at migration time,s00048ri,high
itu_ai_for_good,current_state,https://aiforgood.itu.int/,human_verification,2026-04-23,v0.3 seed migration: maintainer-confirmed current_state against canonical reference at migration time,s00048ri,high
itu_ai_for_good,legal_character,https://aiforgood.itu.int/,human_verification,2026-04-23,v0.3 seed migration: maintainer-confirmed legal_character against canonical reference at migration time,s00048ri,high
neurips_ml_safety,entity_type,https://neurips.cc/Conferences/2022/Schedule?type=Workshop,human_verification,2026-04-23,v0.3 seed migration: maintainer-confirmed entity_type against canonical reference at migration time,s00048ri,high
neurips_ml_safety,founded_date,https://neurips.cc/Conferences/2022/Schedule?type=Workshop,human_verification,2026-04-23,v0.3 seed migration: maintainer-confirmed founded_date against canonical reference at migration time,s00048ri,high
neurips_ml_safety,current_state,https://neurips.cc/Conferences/2022/Schedule?type=Workshop,human_verification,2026-04-23,v0.3 seed migration: maintainer-confirmed current_state against canonical reference at migration time,s00048ri,high
neurips_ml_safety,legal_character,https://neurips.cc/Conferences/2022/Schedule?type=Workshop,human_verification,2026-04-23,v0.3 seed migration: maintainer-confirmed legal_character against canonical reference at migration time,s00048ri,high
acm_facct,entity_type,https://facctconference.org/,human_verification,2026-04-23,v0.3 seed migration: maintainer-confirmed entity_type against canonical reference at migration time,s00048ri,high
acm_facct,founded_date,https://facctconference.org/,human_verification,2026-04-23,v0.3 seed migration: maintainer-confirmed founded_date against canonical reference at migration time,s00048ri,high
acm_facct,current_state,https://facctconference.org/,human_verification,2026-04-23,v0.3 seed migration: maintainer-confirmed current_state against canonical reference at migration time,s00048ri,high
acm_facct,legal_character,https://facctconference.org/,human_verification,2026-04-23,v0.3 seed migration: maintainer-confirmed legal_character against canonical reference at migration time,s00048ri,high
aies_conference,entity_type,https://www.aies-conference.com/,human_verification,2026-04-23,v0.3 seed migration: maintainer-confirmed entity_type against canonical reference at migration time,s00048ri,high
aies_conference,founded_date,https://www.aies-conference.com/,human_verification,2026-04-23,v0.3 seed migration: maintainer-confirmed founded_date against canonical reference at migration time,s00048ri,high
aies_conference,current_state,https://www.aies-conference.com/,human_verification,2026-04-23,v0.3 seed migration: maintainer-confirmed current_state against canonical reference at migration time,s00048ri,high
aies_conference,legal_character,https://www.aies-conference.com/,human_verification,2026-04-23,v0.3 seed migration: maintainer-confirmed legal_character against canonical reference at migration time,s00048ri,high
caidp,entity_type,https://www.caidp.org/,human_verification,2026-04-23,v0.3 seed migration: maintainer-confirmed entity_type against canonical reference at migration time,s00048ri,high
caidp,founded_date,https://www.caidp.org/,human_verification,2026-04-23,v0.3 seed migration: maintainer-confirmed founded_date against canonical reference at migration time,s00048ri,high
caidp,current_state,https://www.caidp.org/,human_verification,2026-04-23,v0.3 seed migration: maintainer-confirmed current_state against canonical reference at migration time,s00048ri,high
caidp,legal_character,https://www.caidp.org/,human_verification,2026-04-23,v0.3 seed migration: maintainer-confirmed legal_character against canonical reference at migration time,s00048ri,high
cais,entity_type,https://www.safe.ai/,human_verification,2026-04-23,v0.3 seed migration: maintainer-confirmed entity_type against canonical reference at migration time,s00048ri,high
cais,founded_date,https://www.safe.ai/,human_verification,2026-04-23,v0.3 seed migration: maintainer-confirmed founded_date against canonical reference at migration time,s00048ri,high
cais,current_state,https://www.safe.ai/,human_verification,2026-04-23,v0.3 seed migration: maintainer-confirmed current_state against canonical reference at migration time,s00048ri,high
cais,legal_character,https://www.safe.ai/,human_verification,2026-04-23,v0.3 seed migration: maintainer-confirmed legal_character against canonical reference at migration time,s00048ri,high
unesco_ram_ai,entity_type,https://www.unesco.org/en/artificial-intelligence/recommendation-ethics/readiness-assessment,human_verification,2026-04-23,Task 3 seed expansion: maintainer-authored entity_type against canonical verification reference,s00048ri,high
unesco_ram_ai,founded_date,https://www.unesco.org/en/artificial-intelligence/recommendation-ethics/readiness-assessment,human_verification,2026-04-23,Task 3 seed expansion: maintainer-authored founded_date against canonical verification reference,s00048ri,high
unesco_ram_ai,current_state,https://www.unesco.org/en/artificial-intelligence/recommendation-ethics/readiness-assessment,human_verification,2026-04-23,Task 3 seed expansion: maintainer-authored current_state against canonical verification reference,s00048ri,high
unesco_ram_ai,legal_character,https://www.unesco.org/en/artificial-intelligence/recommendation-ethics/readiness-assessment,human_verification,2026-04-23,Task 3 seed expansion: maintainer-authored legal_character against canonical verification reference,s00048ri,high
oecd_ai_wips,entity_type,https://oecd.ai/en/wonk,human_verification,2026-04-23,Task 3 seed expansion: maintainer-authored entity_type against canonical verification reference,s00048ri,high
oecd_ai_wips,founded_date,https://oecd.ai/en/wonk,human_verification,2026-04-23,Task 3 seed expansion: maintainer-authored founded_date against canonical verification reference,s00048ri,high
oecd_ai_wips,current_state,https://oecd.ai/en/wonk,human_verification,2026-04-23,Task 3 seed expansion: maintainer-authored current_state against canonical verification reference,s00048ri,high
oecd_ai_wips,legal_character,https://oecd.ai/en/wonk,human_verification,2026-04-23,Task 3 seed expansion: maintainer-authored legal_character against canonical verification reference,s00048ri,high
wipo_conversation_ip_ai,entity_type,https://www.wipo.int/about-ip/en/artificial_intelligence/conversation.html,human_verification,2026-04-23,Task 3 seed expansion: maintainer-authored entity_type against canonical verification reference,s00048ri,high
wipo_conversation_ip_ai,founded_date,https://www.wipo.int/about-ip/en/artificial_intelligence/conversation.html,human_verification,2026-04-23,Task 3 seed expansion: maintainer-authored founded_date against canonical verification reference,s00048ri,high
wipo_conversation_ip_ai,current_state,https://www.wipo.int/about-ip/en/artificial_intelligence/conversation.html,human_verification,2026-04-23,Task 3 seed expansion: maintainer-authored current_state against canonical verification reference,s00048ri,high
wipo_conversation_ip_ai,legal_character,https://www.wipo.int/about-ip/en/artificial_intelligence/conversation.html,human_verification,2026-04-23,Task 3 seed expansion: maintainer-authored legal_character against canonical verification reference,s00048ri,high
un_hlp_digital_cooperation,entity_type,https://www.un.org/en/pdfs/DigitalCooperation-report-for%20web.pdf,human_verification,2026-04-23,Task 3 seed expansion: maintainer-authored entity_type against canonical verification reference,s00048ri,high
un_hlp_digital_cooperation,founded_date,https://www.un.org/en/pdfs/DigitalCooperation-report-for%20web.pdf,human_verification,2026-04-23,Task 3 seed expansion: maintainer-authored founded_date against canonical verification reference,s00048ri,high
un_hlp_digital_cooperation,current_state,https://www.un.org/en/pdfs/DigitalCooperation-report-for%20web.pdf,human_verification,2026-04-23,Task 3 seed expansion: maintainer-authored current_state against canonical verification reference,s00048ri,high
un_hlp_digital_cooperation,legal_character,https://www.un.org/en/pdfs/DigitalCooperation-report-for%20web.pdf,human_verification,2026-04-23,Task 3 seed expansion: maintainer-authored legal_character against canonical verification reference,s00048ri,high
oecd_one_ai,entity_type,https://oecd.ai/en/network-of-experts,human_verification,2026-04-23,Task 3 seed expansion: maintainer-authored entity_type against canonical verification reference,s00048ri,high
oecd_one_ai,founded_date,https://oecd.ai/en/network-of-experts,human_verification,2026-04-23,Task 3 seed expansion: maintainer-authored founded_date against canonical verification reference,s00048ri,high
oecd_one_ai,current_state,https://oecd.ai/en/network-of-experts,human_verification,2026-04-23,Task 3 seed expansion: maintainer-authored current_state against canonical verification reference,s00048ri,high
oecd_one_ai,legal_character,https://oecd.ai/en/network-of-experts,human_verification,2026-04-23,Task 3 seed expansion: maintainer-authored legal_character against canonical verification reference,s00048ri,high
who_ai4h,entity_type,https://www.who.int/initiatives/global-initiative-on-ai-for-health,human_verification,2026-04-23,Task 3 seed expansion: maintainer-authored entity_type against canonical verification reference,s00048ri,high
who_ai4h,founded_date,https://www.who.int/initiatives/global-initiative-on-ai-for-health,human_verification,2026-04-23,Task 3 seed expansion: maintainer-authored founded_date against canonical verification reference,s00048ri,high
who_ai4h,current_state,https://www.who.int/initiatives/global-initiative-on-ai-for-health,human_verification,2026-04-23,Task 3 seed expansion: maintainer-authored current_state against canonical verification reference,s00048ri,high
who_ai4h,legal_character,https://www.who.int/initiatives/global-initiative-on-ai-for-health,human_verification,2026-04-23,Task 3 seed expansion: maintainer-authored legal_character against canonical verification reference,s00048ri,high
au_ai_continental_strategy,entity_type,https://au.int/en/documents/20240809/continental-artificial-intelligence-strategy,human_verification,2026-04-23,Task 3 seed expansion: maintainer-authored entity_type against canonical verification reference,s00048ri,high
au_ai_continental_strategy,founded_date,https://au.int/en/documents/20240809/continental-artificial-intelligence-strategy,human_verification,2026-04-23,Task 3 seed expansion: maintainer-authored founded_date against canonical verification reference,s00048ri,high
au_ai_continental_strategy,current_state,https://au.int/en/documents/20240809/continental-artificial-intelligence-strategy,human_verification,2026-04-23,Task 3 seed expansion: maintainer-authored current_state against canonical verification reference,s00048ri,high
au_ai_continental_strategy,legal_character,https://au.int/en/documents/20240809/continental-artificial-intelligence-strategy,human_verification,2026-04-23,Task 3 seed expansion: maintainer-authored legal_character against canonical verification reference,s00048ri,high
fair_lac_idb,entity_type,https://fairlac.iadb.org/en,human_verification,2026-04-23,Task 3 seed expansion: maintainer-authored entity_type against canonical verification reference,s00048ri,high
fair_lac_idb,founded_date,https://fairlac.iadb.org/en,human_verification,2026-04-23,Task 3 seed expansion: maintainer-authored founded_date against canonical verification reference,s00048ri,high
fair_lac_idb,current_state,https://fairlac.iadb.org/en,human_verification,2026-04-23,Task 3 seed expansion: maintainer-authored current_state against canonical verification reference,s00048ri,high
fair_lac_idb,legal_character,https://fairlac.iadb.org/en,human_verification,2026-04-23,Task 3 seed expansion: maintainer-authored legal_character against canonical verification reference,s00048ri,high
eu_us_ttc_ai,entity_type,https://digital-strategy.ec.europa.eu/en/policies/trade-and-technology-council,human_verification,2026-04-23,Task 3 seed expansion: maintainer-authored entity_type against canonical verification reference,s00048ri,high
eu_us_ttc_ai,founded_date,https://digital-strategy.ec.europa.eu/en/policies/trade-and-technology-council,human_verification,2026-04-23,Task 3 seed expansion: maintainer-authored founded_date against canonical verification reference,s00048ri,high
eu_us_ttc_ai,current_state,https://digital-strategy.ec.europa.eu/en/policies/trade-and-technology-council,human_verification,2026-04-23,Task 3 seed expansion: maintainer-authored current_state against canonical verification reference,s00048ri,high
eu_us_ttc_ai,legal_character,https://digital-strategy.ec.europa.eu/en/policies/trade-and-technology-council,human_verification,2026-04-23,Task 3 seed expansion: maintainer-authored legal_character against canonical verification reference,s00048ri,high
quad_critical_tech_ai,entity_type,https://www.state.gov/quad-critical-and-emerging-technology-working-group/,human_verification,2026-04-23,Task 3 seed expansion: maintainer-authored entity_type against canonical verification reference,s00048ri,high
quad_critical_tech_ai,founded_date,https://www.state.gov/quad-critical-and-emerging-technology-working-group/,human_verification,2026-04-23,Task 3 seed expansion: maintainer-authored founded_date against canonical verification reference,s00048ri,high
quad_critical_tech_ai,current_state,https://www.state.gov/quad-critical-and-emerging-technology-working-group/,human_verification,2026-04-23,Task 3 seed expansion: maintainer-authored current_state against canonical verification reference,s00048ri,high
quad_critical_tech_ai,legal_character,https://www.state.gov/quad-critical-and-emerging-technology-working-group/,human_verification,2026-04-23,Task 3 seed expansion: maintainer-authored legal_character against canonical verification reference,s00048ri,high
g20_digital_economy_ai,entity_type,https://www.g20.org/,human_verification,2026-04-23,Task 3 seed expansion: maintainer-authored entity_type against canonical verification reference,s00048ri,high
g20_digital_economy_ai,founded_date,https://www.g20.org/,human_verification,2026-04-23,Task 3 seed expansion: maintainer-authored founded_date against canonical verification reference,s00048ri,high
g20_digital_economy_ai,current_state,https://www.g20.org/,human_verification,2026-04-23,Task 3 seed expansion: maintainer-authored current_state against canonical verification reference,s00048ri,high
g20_digital_economy_ai,legal_character,https://www.g20.org/,human_verification,2026-04-23,Task 3 seed expansion: maintainer-authored legal_character against canonical verification reference,s00048ri,high
brics_ai_cooperation,entity_type,https://infobrics.org/,human_verification,2026-04-23,Task 3 seed expansion: maintainer-authored entity_type against canonical verification reference,s00048ri,high
brics_ai_cooperation,founded_date,https://infobrics.org/,human_verification,2026-04-23,Task 3 seed expansion: maintainer-authored founded_date against canonical verification reference,s00048ri,high
brics_ai_cooperation,current_state,https://infobrics.org/,human_verification,2026-04-23,Task 3 seed expansion: maintainer-authored current_state against canonical verification reference,s00048ri,high
brics_ai_cooperation,legal_character,https://infobrics.org/,human_verification,2026-04-23,Task 3 seed expansion: maintainer-authored legal_character against canonical verification reference,s00048ri,high
asean_ai_governance_framework,entity_type,https://asean.org/book/asean-guide-on-ai-governance-and-ethics/,human_verification,2026-04-23,Task 3 seed expansion: maintainer-authored entity_type against canonical verification reference,s00048ri,high
asean_ai_governance_framework,founded_date,https://asean.org/book/asean-guide-on-ai-governance-and-ethics/,human_verification,2026-04-23,Task 3 seed expansion: maintainer-authored founded_date against canonical verification reference,s00048ri,high
asean_ai_governance_framework,current_state,https://asean.org/book/asean-guide-on-ai-governance-and-ethics/,human_verification,2026-04-23,Task 3 seed expansion: maintainer-authored current_state against canonical verification reference,s00048ri,high
asean_ai_governance_framework,legal_character,https://asean.org/book/asean-guide-on-ai-governance-and-ethics/,human_verification,2026-04-23,Task 3 seed expansion: maintainer-authored legal_character against canonical verification reference,s00048ri,high
cahai,entity_type,https://www.coe.int/en/web/artificial-intelligence/cahai,human_verification,2026-04-23,Task 3 seed expansion: maintainer-authored entity_type against canonical verification reference,s00048ri,high
cahai,founded_date,https://www.coe.int/en/web/artificial-intelligence/cahai,human_verification,2026-04-23,Task 3 seed expansion: maintainer-authored founded_date against canonical verification reference,s00048ri,high
cahai,current_state,https://www.coe.int/en/web/artificial-intelligence/cahai,human_verification,2026-04-23,Task 3 seed expansion: maintainer-authored current_state against canonical verification reference,s00048ri,high
cahai,legal_character,https://www.coe.int/en/web/artificial-intelligence/cahai,human_verification,2026-04-23,Task 3 seed expansion: maintainer-authored legal_character against canonical verification reference,s00048ri,high
eu_ai_board,entity_type,https://digital-strategy.ec.europa.eu/en/policies/ai-board,human_verification,2026-04-23,Task 3 seed expansion: maintainer-authored entity_type against canonical verification reference,s00048ri,high
eu_ai_board,founded_date,https://digital-strategy.ec.europa.eu/en/policies/ai-board,human_verification,2026-04-23,Task 3 seed expansion: maintainer-authored founded_date against canonical verification reference,s00048ri,high
eu_ai_board,current_state,https://digital-strategy.ec.europa.eu/en/policies/ai-board,human_verification,2026-04-23,Task 3 seed expansion: maintainer-authored current_state against canonical verification reference,s00048ri,high
eu_ai_board,legal_character,https://digital-strategy.ec.europa.eu/en/policies/ai-board,human_verification,2026-04-23,Task 3 seed expansion: maintainer-authored legal_character against canonical verification reference,s00048ri,high
eu_ai_scientific_panel,entity_type,https://digital-strategy.ec.europa.eu/en/policies/ai-scientific-panel,human_verification,2026-04-23,Task 3 seed expansion: maintainer-authored entity_type against canonical verification reference,s00048ri,high
eu_ai_scientific_panel,founded_date,https://digital-strategy.ec.europa.eu/en/policies/ai-scientific-panel,human_verification,2026-04-23,Task 3 seed expansion: maintainer-authored founded_date against canonical verification reference,s00048ri,high
eu_ai_scientific_panel,current_state,https://digital-strategy.ec.europa.eu/en/policies/ai-scientific-panel,human_verification,2026-04-23,Task 3 seed expansion: maintainer-authored current_state against canonical verification reference,s00048ri,high
eu_ai_scientific_panel,legal_character,https://digital-strategy.ec.europa.eu/en/policies/ai-scientific-panel,human_verification,2026-04-23,Task 3 seed expansion: maintainer-authored legal_character against canonical verification reference,s00048ri,high
un_ccw_gge_laws,entity_type,https://meetings.unoda.org/ccw-/ccw-gge-on-laws-2024,human_verification,2026-04-23,Task 3 seed expansion: maintainer-authored entity_type against canonical verification reference,s00048ri,high
un_ccw_gge_laws,founded_date,https://meetings.unoda.org/ccw-/ccw-gge-on-laws-2024,human_verification,2026-04-23,Task 3 seed expansion: maintainer-authored founded_date against canonical verification reference,s00048ri,high
un_ccw_gge_laws,current_state,https://meetings.unoda.org/ccw-/ccw-gge-on-laws-2024,human_verification,2026-04-23,Task 3 seed expansion: maintainer-authored current_state against canonical verification reference,s00048ri,high
un_ccw_gge_laws,legal_character,https://meetings.unoda.org/ccw-/ccw-gge-on-laws-2024,human_verification,2026-04-23,Task 3 seed expansion: maintainer-authored legal_character against canonical verification reference,s00048ri,high
pai_about_ml,entity_type,https://partnershiponai.org/workstream/about-ml/,human_verification,2026-04-23,Task 3 seed expansion: maintainer-authored entity_type against canonical verification reference,s00048ri,high
pai_about_ml,founded_date,https://partnershiponai.org/workstream/about-ml/,human_verification,2026-04-23,Task 3 seed expansion: maintainer-authored founded_date against canonical verification reference,s00048ri,high
pai_about_ml,current_state,https://partnershiponai.org/workstream/about-ml/,human_verification,2026-04-23,Task 3 seed expansion: maintainer-authored current_state against canonical verification reference,s00048ri,high
pai_about_ml,legal_character,https://partnershiponai.org/workstream/about-ml/,human_verification,2026-04-23,Task 3 seed expansion: maintainer-authored legal_character against canonical verification reference,s00048ri,high
pai_incident_db,entity_type,https://incidentdatabase.ai/,human_verification,2026-04-23,Task 3 seed expansion: maintainer-authored entity_type against canonical verification reference,s00048ri,high
pai_incident_db,founded_date,https://incidentdatabase.ai/,human_verification,2026-04-23,Task 3 seed expansion: maintainer-authored founded_date against canonical verification reference,s00048ri,high
pai_incident_db,current_state,https://incidentdatabase.ai/,human_verification,2026-04-23,Task 3 seed expansion: maintainer-authored current_state against canonical verification reference,s00048ri,high
pai_incident_db,legal_character,https://incidentdatabase.ai/,human_verification,2026-04-23,Task 3 seed expansion: maintainer-authored legal_character against canonical verification reference,s00048ri,high
wef_ai_governance_alliance,entity_type,https://initiatives.weforum.org/ai-governance-alliance/home,human_verification,2026-04-23,Task 3 seed expansion: maintainer-authored entity_type against canonical verification reference,s00048ri,high
wef_ai_governance_alliance,founded_date,https://initiatives.weforum.org/ai-governance-alliance/home,human_verification,2026-04-23,Task 3 seed expansion: maintainer-authored founded_date against canonical verification reference,s00048ri,high
wef_ai_governance_alliance,current_state,https://initiatives.weforum.org/ai-governance-alliance/home,human_verification,2026-04-23,Task 3 seed expansion: maintainer-authored current_state against canonical verification reference,s00048ri,high
wef_ai_governance_alliance,legal_character,https://initiatives.weforum.org/ai-governance-alliance/home,human_verification,2026-04-23,Task 3 seed expansion: maintainer-authored legal_character against canonical verification reference,s00048ri,high
rai_institute,entity_type,https://www.responsible.ai/,human_verification,2026-04-23,Task 3 seed expansion: maintainer-authored entity_type against canonical verification reference,s00048ri,high
rai_institute,founded_date,https://www.responsible.ai/,human_verification,2026-04-23,Task 3 seed expansion: maintainer-authored founded_date against canonical verification reference,s00048ri,high
rai_institute,current_state,https://www.responsible.ai/,human_verification,2026-04-23,Task 3 seed expansion: maintainer-authored current_state against canonical verification reference,s00048ri,high
rai_institute,legal_character,https://www.responsible.ai/,human_verification,2026-04-23,Task 3 seed expansion: maintainer-authored legal_character against canonical verification reference,s00048ri,high
gpai_rai_wg,entity_type,https://gpai.ai/projects/responsible-ai/,human_verification,2026-04-23,Task 3 seed expansion: maintainer-authored entity_type against canonical verification reference,s00048ri,high
gpai_rai_wg,founded_date,https://gpai.ai/projects/responsible-ai/,human_verification,2026-04-23,Task 3 seed expansion: maintainer-authored founded_date against canonical verification reference,s00048ri,high
gpai_rai_wg,current_state,https://gpai.ai/projects/responsible-ai/,human_verification,2026-04-23,Task 3 seed expansion: maintainer-authored current_state against canonical verification reference,s00048ri,high
gpai_rai_wg,legal_character,https://gpai.ai/projects/responsible-ai/,human_verification,2026-04-23,Task 3 seed expansion: maintainer-authored legal_character against canonical verification reference,s00048ri,high
gpai_data_gov_wg,entity_type,https://gpai.ai/projects/data-governance/,human_verification,2026-04-23,Task 3 seed expansion: maintainer-authored entity_type against canonical verification reference,s00048ri,high
gpai_data_gov_wg,founded_date,https://gpai.ai/projects/data-governance/,human_verification,2026-04-23,Task 3 seed expansion: maintainer-authored founded_date against canonical verification reference,s00048ri,high
gpai_data_gov_wg,current_state,https://gpai.ai/projects/data-governance/,human_verification,2026-04-23,Task 3 seed expansion: maintainer-authored current_state against canonical verification reference,s00048ri,high
gpai_data_gov_wg,legal_character,https://gpai.ai/projects/data-governance/,human_verification,2026-04-23,Task 3 seed expansion: maintainer-authored legal_character against canonical verification reference,s00048ri,high
cosai,entity_type,https://www.coalitionforsecureai.org/,human_verification,2026-04-23,Task 3 seed expansion: maintainer-authored entity_type against canonical verification reference,s00048ri,high
cosai,founded_date,https://www.coalitionforsecureai.org/,human_verification,2026-04-23,Task 3 seed expansion: maintainer-authored founded_date against canonical verification reference,s00048ri,high
cosai,current_state,https://www.coalitionforsecureai.org/,human_verification,2026-04-23,Task 3 seed expansion: maintainer-authored current_state against canonical verification reference,s00048ri,high
cosai,legal_character,https://www.coalitionforsecureai.org/,human_verification,2026-04-23,Task 3 seed expansion: maintainer-authored legal_character against canonical verification reference,s00048ri,high
ai_alliance,entity_type,https://thealliance.ai/,human_verification,2026-04-23,Task 3 seed expansion: maintainer-authored entity_type against canonical verification reference,s00048ri,high
ai_alliance,founded_date,https://thealliance.ai/,human_verification,2026-04-23,Task 3 seed expansion: maintainer-authored founded_date against canonical verification reference,s00048ri,high
ai_alliance,current_state,https://thealliance.ai/,human_verification,2026-04-23,Task 3 seed expansion: maintainer-authored current_state against canonical verification reference,s00048ri,high
ai_alliance,legal_character,https://thealliance.ai/,human_verification,2026-04-23,Task 3 seed expansion: maintainer-authored legal_character against canonical verification reference,s00048ri,high
c2pa,entity_type,https://c2pa.org/,human_verification,2026-04-23,Task 3 seed expansion: maintainer-authored entity_type against canonical verification reference,s00048ri,high
c2pa,founded_date,https://c2pa.org/,human_verification,2026-04-23,Task 3 seed expansion: maintainer-authored founded_date against canonical verification reference,s00048ri,high
c2pa,current_state,https://c2pa.org/,human_verification,2026-04-23,Task 3 seed expansion: maintainer-authored current_state against canonical verification reference,s00048ri,high
c2pa,legal_character,https://c2pa.org/,human_verification,2026-04-23,Task 3 seed expansion: maintainer-authored legal_character against canonical verification reference,s00048ri,high
content_authenticity_initiative,entity_type,https://contentauthenticity.org/,human_verification,2026-04-23,Task 3 seed expansion: maintainer-authored entity_type against canonical verification reference,s00048ri,high
content_authenticity_initiative,founded_date,https://contentauthenticity.org/,human_verification,2026-04-23,Task 3 seed expansion: maintainer-authored founded_date against canonical verification reference,s00048ri,high
content_authenticity_initiative,current_state,https://contentauthenticity.org/,human_verification,2026-04-23,Task 3 seed expansion: maintainer-authored current_state against canonical verification reference,s00048ri,high
content_authenticity_initiative,legal_character,https://contentauthenticity.org/,human_verification,2026-04-23,Task 3 seed expansion: maintainer-authored legal_character against canonical verification reference,s00048ri,high
itic_ai_principles,entity_type,https://www.itic.org/policy/artificial-intelligence,human_verification,2026-04-23,Task 3 seed expansion: maintainer-authored entity_type against canonical verification reference,s00048ri,high
itic_ai_principles,founded_date,https://www.itic.org/policy/artificial-intelligence,human_verification,2026-04-23,Task 3 seed expansion: maintainer-authored founded_date against canonical verification reference,s00048ri,high
itic_ai_principles,current_state,https://www.itic.org/policy/artificial-intelligence,human_verification,2026-04-23,Task 3 seed expansion: maintainer-authored current_state against canonical verification reference,s00048ri,high
itic_ai_principles,legal_character,https://www.itic.org/policy/artificial-intelligence,human_verification,2026-04-23,Task 3 seed expansion: maintainer-authored legal_character against canonical verification reference,s00048ri,high
bsa_ai_framework,entity_type,https://www.bsa.org/policy-filings/bsa-framework-to-build-trust-in-ai,human_verification,2026-04-23,Task 3 seed expansion: maintainer-authored entity_type against canonical verification reference,s00048ri,high
bsa_ai_framework,founded_date,https://www.bsa.org/policy-filings/bsa-framework-to-build-trust-in-ai,human_verification,2026-04-23,Task 3 seed expansion: maintainer-authored founded_date against canonical verification reference,s00048ri,high
bsa_ai_framework,current_state,https://www.bsa.org/policy-filings/bsa-framework-to-build-trust-in-ai,human_verification,2026-04-23,Task 3 seed expansion: maintainer-authored current_state against canonical verification reference,s00048ri,high
bsa_ai_framework,legal_character,https://www.bsa.org/policy-filings/bsa-framework-to-build-trust-in-ai,human_verification,2026-04-23,Task 3 seed expansion: maintainer-authored legal_character against canonical verification reference,s00048ri,high
ada_lovelace,entity_type,https://www.adalovelaceinstitute.org/,human_verification,2026-04-23,Task 3 seed expansion: maintainer-authored entity_type against canonical verification reference,s00048ri,high
ada_lovelace,founded_date,https://www.adalovelaceinstitute.org/,human_verification,2026-04-23,Task 3 seed expansion: maintainer-authored founded_date against canonical verification reference,s00048ri,high
ada_lovelace,current_state,https://www.adalovelaceinstitute.org/,human_verification,2026-04-23,Task 3 seed expansion: maintainer-authored current_state against canonical verification reference,s00048ri,high
ada_lovelace,legal_character,https://www.adalovelaceinstitute.org/,human_verification,2026-04-23,Task 3 seed expansion: maintainer-authored legal_character against canonical verification reference,s00048ri,high
algorithmwatch,entity_type,https://algorithmwatch.org/,human_verification,2026-04-23,Task 3 seed expansion: maintainer-authored entity_type against canonical verification reference,s00048ri,high
algorithmwatch,founded_date,https://algorithmwatch.org/,human_verification,2026-04-23,Task 3 seed expansion: maintainer-authored founded_date against canonical verification reference,s00048ri,high
algorithmwatch,current_state,https://algorithmwatch.org/,human_verification,2026-04-23,Task 3 seed expansion: maintainer-authored current_state against canonical verification reference,s00048ri,high
algorithmwatch,legal_character,https://algorithmwatch.org/,human_verification,2026-04-23,Task 3 seed expansion: maintainer-authored legal_character against canonical verification reference,s00048ri,high
ai_now,entity_type,https://ainowinstitute.org/,human_verification,2026-04-23,Task 3 seed expansion: maintainer-authored entity_type against canonical verification reference,s00048ri,high
ai_now,founded_date,https://ainowinstitute.org/,human_verification,2026-04-23,Task 3 seed expansion: maintainer-authored founded_date against canonical verification reference,s00048ri,high
ai_now,current_state,https://ainowinstitute.org/,human_verification,2026-04-23,Task 3 seed expansion: maintainer-authored current_state against canonical verification reference,s00048ri,high
ai_now,legal_character,https://ainowinstitute.org/,human_verification,2026-04-23,Task 3 seed expansion: maintainer-authored legal_character against canonical verification reference,s00048ri,high
govai_oxford,entity_type,https://www.governance.ai/,human_verification,2026-04-23,Task 3 seed expansion: maintainer-authored entity_type against canonical verification reference,s00048ri,high
govai_oxford,founded_date,https://www.governance.ai/,human_verification,2026-04-23,Task 3 seed expansion: maintainer-authored founded_date against canonical verification reference,s00048ri,high
govai_oxford,current_state,https://www.governance.ai/,human_verification,2026-04-23,Task 3 seed expansion: maintainer-authored current_state against canonical verification reference,s00048ri,high
govai_oxford,legal_character,https://www.governance.ai/,human_verification,2026-04-23,Task 3 seed expansion: maintainer-authored legal_character against canonical verification reference,s00048ri,high
clt_resilience,entity_type,https://www.longtermresilience.org/,human_verification,2026-04-23,Task 3 seed expansion: maintainer-authored entity_type against canonical verification reference,s00048ri,high
clt_resilience,founded_date,https://www.longtermresilience.org/,human_verification,2026-04-23,Task 3 seed expansion: maintainer-authored founded_date against canonical verification reference,s00048ri,high
clt_resilience,current_state,https://www.longtermresilience.org/,human_verification,2026-04-23,Task 3 seed expansion: maintainer-authored current_state against canonical verification reference,s00048ri,high
clt_resilience,legal_character,https://www.longtermresilience.org/,human_verification,2026-04-23,Task 3 seed expansion: maintainer-authored legal_character against canonical verification reference,s00048ri,high
metr,entity_type,https://metr.org/,human_verification,2026-04-23,Task 3 seed expansion: maintainer-authored entity_type against canonical verification reference,s00048ri,high
metr,founded_date,https://metr.org/,human_verification,2026-04-23,Task 3 seed expansion: maintainer-authored founded_date against canonical verification reference,s00048ri,high
metr,current_state,https://metr.org/,human_verification,2026-04-23,Task 3 seed expansion: maintainer-authored current_state against canonical verification reference,s00048ri,high
metr,legal_character,https://metr.org/,human_verification,2026-04-23,Task 3 seed expansion: maintainer-authored legal_character against canonical verification reference,s00048ri,high
apollo_research,entity_type,https://www.apolloresearch.ai/,human_verification,2026-04-23,Task 3 seed expansion: maintainer-authored entity_type against canonical verification reference,s00048ri,high
apollo_research,founded_date,https://www.apolloresearch.ai/,human_verification,2026-04-23,Task 3 seed expansion: maintainer-authored founded_date against canonical verification reference,s00048ri,high
apollo_research,current_state,https://www.apolloresearch.ai/,human_verification,2026-04-23,Task 3 seed expansion: maintainer-authored current_state against canonical verification reference,s00048ri,high
apollo_research,legal_character,https://www.apolloresearch.ai/,human_verification,2026-04-23,Task 3 seed expansion: maintainer-authored legal_character against canonical verification reference,s00048ri,high
access_now_ai,entity_type,https://www.accessnow.org/issue/artificial-intelligence/,human_verification,2026-04-23,Task 3 seed expansion: maintainer-authored entity_type against canonical verification reference,s00048ri,high
access_now_ai,founded_date,https://www.accessnow.org/issue/artificial-intelligence/,human_verification,2026-04-23,Task 3 seed expansion: maintainer-authored founded_date against canonical verification reference,s00048ri,high
access_now_ai,current_state,https://www.accessnow.org/issue/artificial-intelligence/,human_verification,2026-04-23,Task 3 seed expansion: maintainer-authored current_state against canonical verification reference,s00048ri,high
access_now_ai,legal_character,https://www.accessnow.org/issue/artificial-intelligence/,human_verification,2026-04-23,Task 3 seed expansion: maintainer-authored legal_character against canonical verification reference,s00048ri,high
ellis_network,entity_type,https://ellis.eu/,human_verification,2026-04-23,Task 3 seed expansion: maintainer-authored entity_type against canonical verification reference,s00048ri,high
ellis_network,founded_date,https://ellis.eu/,human_verification,2026-04-23,Task 3 seed expansion: maintainer-authored founded_date against canonical verification reference,s00048ri,high
ellis_network,current_state,https://ellis.eu/,human_verification,2026-04-23,Task 3 seed expansion: maintainer-authored current_state against canonical verification reference,s00048ri,high
ellis_network,legal_character,https://ellis.eu/,human_verification,2026-04-23,Task 3 seed expansion: maintainer-authored legal_character against canonical verification reference,s00048ri,high
cifar_aistrategy,entity_type,https://cifar.ca/ai/,human_verification,2026-04-23,Task 3 seed expansion: maintainer-authored entity_type against canonical verification reference,s00048ri,high
cifar_aistrategy,founded_date,https://cifar.ca/ai/,human_verification,2026-04-23,Task 3 seed expansion: maintainer-authored founded_date against canonical verification reference,s00048ri,high
cifar_aistrategy,current_state,https://cifar.ca/ai/,human_verification,2026-04-23,Task 3 seed expansion: maintainer-authored current_state against canonical verification reference,s00048ri,high
cifar_aistrategy,legal_character,https://cifar.ca/ai/,human_verification,2026-04-23,Task 3 seed expansion: maintainer-authored legal_character against canonical verification reference,s00048ri,high
ircai,entity_type,https://ircai.org/,human_verification,2026-04-23,Task 3 seed expansion: maintainer-authored entity_type against canonical verification reference,s00048ri,high
ircai,founded_date,https://ircai.org/,human_verification,2026-04-23,Task 3 seed expansion: maintainer-authored founded_date against canonical verification reference,s00048ri,high
ircai,current_state,https://ircai.org/,human_verification,2026-04-23,Task 3 seed expansion: maintainer-authored current_state against canonical verification reference,s00048ri,high
ircai,legal_character,https://ircai.org/,human_verification,2026-04-23,Task 3 seed expansion: maintainer-authored legal_character against canonical verification reference,s00048ri,high
gaiec,entity_type,https://ieai.sot.tum.de/,human_verification,2026-04-23,Task 3 seed expansion: maintainer-authored entity_type against canonical verification reference,s00048ri,high
gaiec,founded_date,https://ieai.sot.tum.de/,human_verification,2026-04-23,Task 3 seed expansion: maintainer-authored founded_date against canonical verification reference,s00048ri,high
gaiec,current_state,https://ieai.sot.tum.de/,human_verification,2026-04-23,Task 3 seed expansion: maintainer-authored current_state against canonical verification reference,s00048ri,high
gaiec,legal_character,https://ieai.sot.tum.de/,human_verification,2026-04-23,Task 3 seed expansion: maintainer-authored legal_character against canonical verification reference,s00048ri,high
apru_ai,entity_type,https://www.apru.org/our-work/theme/artificial-intelligence-for-social-good/,human_verification,2026-04-23,Task 3 seed expansion: maintainer-authored entity_type against canonical verification reference,s00048ri,high
apru_ai,founded_date,https://www.apru.org/our-work/theme/artificial-intelligence-for-social-good/,human_verification,2026-04-23,Task 3 seed expansion: maintainer-authored founded_date against canonical verification reference,s00048ri,high
apru_ai,current_state,https://www.apru.org/our-work/theme/artificial-intelligence-for-social-good/,human_verification,2026-04-23,Task 3 seed expansion: maintainer-authored current_state against canonical verification reference,s00048ri,high
apru_ai,legal_character,https://www.apru.org/our-work/theme/artificial-intelligence-for-social-good/,human_verification,2026-04-23,Task 3 seed expansion: maintainer-authored legal_character against canonical verification reference,s00048ri,high
iso_sc42_wg1,entity_type,https://www.iso.org/committee/6794475.html,human_verification,2026-04-23,Task 3 seed expansion: maintainer-authored entity_type against canonical verification reference,s00048ri,high
iso_sc42_wg1,founded_date,https://www.iso.org/committee/6794475.html,human_verification,2026-04-23,Task 3 seed expansion: maintainer-authored founded_date against canonical verification reference,s00048ri,high
iso_sc42_wg1,current_state,https://www.iso.org/committee/6794475.html,human_verification,2026-04-23,Task 3 seed expansion: maintainer-authored current_state against canonical verification reference,s00048ri,high
iso_sc42_wg1,legal_character,https://www.iso.org/committee/6794475.html,human_verification,2026-04-23,Task 3 seed expansion: maintainer-authored legal_character against canonical verification reference,s00048ri,high
iso_sc42_wg3,entity_type,https://www.iso.org/committee/6794475.html,human_verification,2026-04-23,Task 3 seed expansion: maintainer-authored entity_type against canonical verification reference,s00048ri,high
iso_sc42_wg3,founded_date,https://www.iso.org/committee/6794475.html,human_verification,2026-04-23,Task 3 seed expansion: maintainer-authored founded_date against canonical verification reference,s00048ri,high
iso_sc42_wg3,current_state,https://www.iso.org/committee/6794475.html,human_verification,2026-04-23,Task 3 seed expansion: maintainer-authored current_state against canonical verification reference,s00048ri,high
iso_sc42_wg3,legal_character,https://www.iso.org/committee/6794475.html,human_verification,2026-04-23,Task 3 seed expansion: maintainer-authored legal_character against canonical verification reference,s00048ri,high
iso_sc42_wg4,entity_type,https://www.iso.org/committee/6794475.html,human_verification,2026-04-23,Task 3 seed expansion: maintainer-authored entity_type against canonical verification reference,s00048ri,high
iso_sc42_wg4,founded_date,https://www.iso.org/committee/6794475.html,human_verification,2026-04-23,Task 3 seed expansion: maintainer-authored founded_date against canonical verification reference,s00048ri,high
iso_sc42_wg4,current_state,https://www.iso.org/committee/6794475.html,human_verification,2026-04-23,Task 3 seed expansion: maintainer-authored current_state against canonical verification reference,s00048ri,high
iso_sc42_wg4,legal_character,https://www.iso.org/committee/6794475.html,human_verification,2026-04-23,Task 3 seed expansion: maintainer-authored legal_character against canonical verification reference,s00048ri,high
iso_sc42_wg5,entity_type,https://www.iso.org/committee/6794475.html,human_verification,2026-04-23,Task 3 seed expansion: maintainer-authored entity_type against canonical verification reference,s00048ri,high
iso_sc42_wg5,founded_date,https://www.iso.org/committee/6794475.html,human_verification,2026-04-23,Task 3 seed expansion: maintainer-authored founded_date against canonical verification reference,s00048ri,high
iso_sc42_wg5,current_state,https://www.iso.org/committee/6794475.html,human_verification,2026-04-23,Task 3 seed expansion: maintainer-authored current_state against canonical verification reference,s00048ri,high
iso_sc42_wg5,legal_character,https://www.iso.org/committee/6794475.html,human_verification,2026-04-23,Task 3 seed expansion: maintainer-authored legal_character against canonical verification reference,s00048ri,high
ieee_p7001,entity_type,https://standards.ieee.org/ieee/7001/6929/,human_verification,2026-04-23,Task 3 seed expansion: maintainer-authored entity_type against canonical verification reference,s00048ri,high
ieee_p7001,founded_date,https://standards.ieee.org/ieee/7001/6929/,human_verification,2026-04-23,Task 3 seed expansion: maintainer-authored founded_date against canonical verification reference,s00048ri,high
ieee_p7001,current_state,https://standards.ieee.org/ieee/7001/6929/,human_verification,2026-04-23,Task 3 seed expansion: maintainer-authored current_state against canonical verification reference,s00048ri,high
ieee_p7001,legal_character,https://standards.ieee.org/ieee/7001/6929/,human_verification,2026-04-23,Task 3 seed expansion: maintainer-authored legal_character against canonical verification reference,s00048ri,high
ieee_p7003,entity_type,https://standards.ieee.org/ieee/7003/6980/,human_verification,2026-04-23,Task 3 seed expansion: maintainer-authored entity_type against canonical verification reference,s00048ri,high
ieee_p7003,founded_date,https://standards.ieee.org/ieee/7003/6980/,human_verification,2026-04-23,Task 3 seed expansion: maintainer-authored founded_date against canonical verification reference,s00048ri,high
ieee_p7003,current_state,https://standards.ieee.org/ieee/7003/6980/,human_verification,2026-04-23,Task 3 seed expansion: maintainer-authored current_state against canonical verification reference,s00048ri,high
ieee_p7003,legal_character,https://standards.ieee.org/ieee/7003/6980/,human_verification,2026-04-23,Task 3 seed expansion: maintainer-authored legal_character against canonical verification reference,s00048ri,high
ieee_p7007,entity_type,https://standards.ieee.org/ieee/7007/7070/,human_verification,2026-04-23,Task 3 seed expansion: maintainer-authored entity_type against canonical verification reference,s00048ri,high
ieee_p7007,founded_date,https://standards.ieee.org/ieee/7007/7070/,human_verification,2026-04-23,Task 3 seed expansion: maintainer-authored founded_date against canonical verification reference,s00048ri,high
ieee_p7007,current_state,https://standards.ieee.org/ieee/7007/7070/,human_verification,2026-04-23,Task 3 seed expansion: maintainer-authored current_state against canonical verification reference,s00048ri,high
ieee_p7007,legal_character,https://standards.ieee.org/ieee/7007/7070/,human_verification,2026-04-23,Task 3 seed expansion: maintainer-authored legal_character against canonical verification reference,s00048ri,high
ieee_p7010,entity_type,https://standards.ieee.org/ieee/7010/7718/,human_verification,2026-04-23,Task 3 seed expansion: maintainer-authored entity_type against canonical verification reference,s00048ri,high
ieee_p7010,founded_date,https://standards.ieee.org/ieee/7010/7718/,human_verification,2026-04-23,Task 3 seed expansion: maintainer-authored founded_date against canonical verification reference,s00048ri,high
ieee_p7010,current_state,https://standards.ieee.org/ieee/7010/7718/,human_verification,2026-04-23,Task 3 seed expansion: maintainer-authored current_state against canonical verification reference,s00048ri,high
ieee_p7010,legal_character,https://standards.ieee.org/ieee/7010/7718/,human_verification,2026-04-23,Task 3 seed expansion: maintainer-authored legal_character against canonical verification reference,s00048ri,high
itu_fg_ai4h,entity_type,https://www.itu.int/en/ITU-T/focusgroups/ai4h/Pages/default.aspx,human_verification,2026-04-23,Task 3 seed expansion: maintainer-authored entity_type against canonical verification reference,s00048ri,high
itu_fg_ai4h,founded_date,https://www.itu.int/en/ITU-T/focusgroups/ai4h/Pages/default.aspx,human_verification,2026-04-23,Task 3 seed expansion: maintainer-authored founded_date against canonical verification reference,s00048ri,high
itu_fg_ai4h,current_state,https://www.itu.int/en/ITU-T/focusgroups/ai4h/Pages/default.aspx,human_verification,2026-04-23,Task 3 seed expansion: maintainer-authored current_state against canonical verification reference,s00048ri,high
itu_fg_ai4h,legal_character,https://www.itu.int/en/ITU-T/focusgroups/ai4h/Pages/default.aspx,human_verification,2026-04-23,Task 3 seed expansion: maintainer-authored legal_character against canonical verification reference,s00048ri,high
itu_fg_ai4ee,entity_type,https://www.itu.int/en/ITU-T/focusgroups/ai4ee/Pages/default.aspx,human_verification,2026-04-23,Task 3 seed expansion: maintainer-authored entity_type against canonical verification reference,s00048ri,high
itu_fg_ai4ee,founded_date,https://www.itu.int/en/ITU-T/focusgroups/ai4ee/Pages/default.aspx,human_verification,2026-04-23,Task 3 seed expansion: maintainer-authored founded_date against canonical verification reference,s00048ri,high
itu_fg_ai4ee,current_state,https://www.itu.int/en/ITU-T/focusgroups/ai4ee/Pages/default.aspx,human_verification,2026-04-23,Task 3 seed expansion: maintainer-authored current_state against canonical verification reference,s00048ri,high
itu_fg_ai4ee,legal_character,https://www.itu.int/en/ITU-T/focusgroups/ai4ee/Pages/default.aspx,human_verification,2026-04-23,Task 3 seed expansion: maintainer-authored legal_character against canonical verification reference,s00048ri,high
aisi_network,entity_type,https://www.aisi.gov.uk/,human_verification,2026-04-23,Task 3 seed expansion: maintainer-authored entity_type against canonical verification reference,s00048ri,high
aisi_network,founded_date,https://www.aisi.gov.uk/,human_verification,2026-04-23,Task 3 seed expansion: maintainer-authored founded_date against canonical verification reference,s00048ri,high
aisi_network,current_state,https://www.aisi.gov.uk/,human_verification,2026-04-23,Task 3 seed expansion: maintainer-authored current_state against canonical verification reference,s00048ri,high
aisi_network,legal_character,https://www.aisi.gov.uk/,human_verification,2026-04-23,Task 3 seed expansion: maintainer-authored legal_character against canonical verification reference,s00048ri,high
eu_ai_office,entity_type,https://digital-strategy.ec.europa.eu/en/policies/ai-office,human_verification,2026-04-23,Task 3 seed expansion: maintainer-authored entity_type against canonical verification reference,s00048ri,high
eu_ai_office,founded_date,https://digital-strategy.ec.europa.eu/en/policies/ai-office,human_verification,2026-04-23,Task 3 seed expansion: maintainer-authored founded_date against canonical verification reference,s00048ri,high
eu_ai_office,current_state,https://digital-strategy.ec.europa.eu/en/policies/ai-office,human_verification,2026-04-23,Task 3 seed expansion: maintainer-authored current_state against canonical verification reference,s00048ri,high
eu_ai_office,legal_character,https://digital-strategy.ec.europa.eu/en/policies/ai-office,human_verification,2026-04-23,Task 3 seed expansion: maintainer-authored legal_character against canonical verification reference,s00048ri,high
korea_aisi,entity_type,https://www.msit.go.kr/,human_verification,2026-04-23,Task 3 seed expansion: maintainer-authored entity_type against canonical verification reference,s00048ri,high
korea_aisi,founded_date,https://www.msit.go.kr/,human_verification,2026-04-23,Task 3 seed expansion: maintainer-authored founded_date against canonical verification reference,s00048ri,high
korea_aisi,current_state,https://www.msit.go.kr/,human_verification,2026-04-23,Task 3 seed expansion: maintainer-authored current_state against canonical verification reference,s00048ri,high
korea_aisi,legal_character,https://www.msit.go.kr/,human_verification,2026-04-23,Task 3 seed expansion: maintainer-authored legal_character against canonical verification reference,s00048ri,high
singapore_imda_ai,entity_type,https://www.imda.gov.sg/,human_verification,2026-04-23,Task 3 seed expansion: maintainer-authored entity_type against canonical verification reference,s00048ri,high
singapore_imda_ai,founded_date,https://www.imda.gov.sg/,human_verification,2026-04-23,Task 3 seed expansion: maintainer-authored founded_date against canonical verification reference,s00048ri,high
singapore_imda_ai,current_state,https://www.imda.gov.sg/,human_verification,2026-04-23,Task 3 seed expansion: maintainer-authored current_state against canonical verification reference,s00048ri,high
singapore_imda_ai,legal_character,https://www.imda.gov.sg/,human_verification,2026-04-23,Task 3 seed expansion: maintainer-authored legal_character against canonical verification reference,s00048ri,high
canada_aisi,entity_type,https://ised-isde.canada.ca/site/ised/en,human_verification,2026-04-23,Task 3 seed expansion: maintainer-authored entity_type against canonical verification reference,s00048ri,high
canada_aisi,founded_date,https://ised-isde.canada.ca/site/ised/en,human_verification,2026-04-23,Task 3 seed expansion: maintainer-authored founded_date against canonical verification reference,s00048ri,high
canada_aisi,current_state,https://ised-isde.canada.ca/site/ised/en,human_verification,2026-04-23,Task 3 seed expansion: maintainer-authored current_state against canonical verification reference,s00048ri,high
canada_aisi,legal_character,https://ised-isde.canada.ca/site/ised/en,human_verification,2026-04-23,Task 3 seed expansion: maintainer-authored legal_character against canonical verification reference,s00048ri,high
india_aisi,entity_type,https://indiaai.gov.in/,human_verification,2026-04-23,Task 3 seed expansion: maintainer-authored entity_type against canonical verification reference,s00048ri,high
india_aisi,founded_date,https://indiaai.gov.in/,human_verification,2026-04-23,Task 3 seed expansion: maintainer-authored founded_date against canonical verification reference,s00048ri,high
india_aisi,current_state,https://indiaai.gov.in/,human_verification,2026-04-23,Task 3 seed expansion: maintainer-authored current_state against canonical verification reference,s00048ri,high
india_aisi,legal_character,https://indiaai.gov.in/,human_verification,2026-04-23,Task 3 seed expansion: maintainer-authored legal_character against canonical verification reference,s00048ri,high
france_cnil_ai,entity_type,https://www.cnil.fr/en/artificial-intelligence,human_verification,2026-04-23,Task 3 seed expansion: maintainer-authored entity_type against canonical verification reference,s00048ri,high
france_cnil_ai,founded_date,https://www.cnil.fr/en/artificial-intelligence,human_verification,2026-04-23,Task 3 seed expansion: maintainer-authored founded_date against canonical verification reference,s00048ri,high
france_cnil_ai,current_state,https://www.cnil.fr/en/artificial-intelligence,human_verification,2026-04-23,Task 3 seed expansion: maintainer-authored current_state against canonical verification reference,s00048ri,high
france_cnil_ai,legal_character,https://www.cnil.fr/en/artificial-intelligence,human_verification,2026-04-23,Task 3 seed expansion: maintainer-authored legal_character against canonical verification reference,s00048ri,high
spain_aesia,entity_type,https://www.aesia.gob.es/,human_verification,2026-04-23,Task 3 seed expansion: maintainer-authored entity_type against canonical verification reference,s00048ri,high
spain_aesia,founded_date,https://www.aesia.gob.es/,human_verification,2026-04-23,Task 3 seed expansion: maintainer-authored founded_date against canonical verification reference,s00048ri,high
spain_aesia,current_state,https://www.aesia.gob.es/,human_verification,2026-04-23,Task 3 seed expansion: maintainer-authored current_state against canonical verification reference,s00048ri,high
spain_aesia,legal_character,https://www.aesia.gob.es/,human_verification,2026-04-23,Task 3 seed expansion: maintainer-authored legal_character against canonical verification reference,s00048ri,high
australia_esafety_ai,entity_type,https://www.esafety.gov.au/,human_verification,2026-04-23,Task 3 seed expansion: maintainer-authored entity_type against canonical verification reference,s00048ri,high
australia_esafety_ai,founded_date,https://www.esafety.gov.au/,human_verification,2026-04-23,Task 3 seed expansion: maintainer-authored founded_date against canonical verification reference,s00048ri,high
australia_esafety_ai,current_state,https://www.esafety.gov.au/,human_verification,2026-04-23,Task 3 seed expansion: maintainer-authored current_state against canonical verification reference,s00048ri,high
australia_esafety_ai,legal_character,https://www.esafety.gov.au/,human_verification,2026-04-23,Task 3 seed expansion: maintainer-authored legal_character against canonical verification reference,s00048ri,high
china_cac_genai,entity_type,https://www.cac.gov.cn/2023-07/13/c_1690898327029107.htm,human_verification,2026-04-23,Task 3 seed expansion: maintainer-authored entity_type against canonical verification reference,s00048ri,high
china_cac_genai,founded_date,https://www.cac.gov.cn/2023-07/13/c_1690898327029107.htm,human_verification,2026-04-23,Task 3 seed expansion: maintainer-authored founded_date against canonical verification reference,s00048ri,high
china_cac_genai,current_state,https://www.cac.gov.cn/2023-07/13/c_1690898327029107.htm,human_verification,2026-04-23,Task 3 seed expansion: maintainer-authored current_state against canonical verification reference,s00048ri,high
china_cac_genai,legal_character,https://www.cac.gov.cn/2023-07/13/c_1690898327029107.htm,human_verification,2026-04-23,Task 3 seed expansion: maintainer-authored legal_character against canonical verification reference,s00048ri,high
icml_ai_safety_workshop,entity_type,https://icml.cc/,human_verification,2026-04-23,Task 3 seed expansion: maintainer-authored entity_type against canonical verification reference,s00048ri,high
icml_ai_safety_workshop,founded_date,https://icml.cc/,human_verification,2026-04-23,Task 3 seed expansion: maintainer-authored founded_date against canonical verification reference,s00048ri,high
icml_ai_safety_workshop,current_state,https://icml.cc/,human_verification,2026-04-23,Task 3 seed expansion: maintainer-authored current_state against canonical verification reference,s00048ri,high
icml_ai_safety_workshop,legal_character,https://icml.cc/,human_verification,2026-04-23,Task 3 seed expansion: maintainer-authored legal_character against canonical verification reference,s00048ri,high
iclr_trustworthy_ml,entity_type,https://iclr.cc/,human_verification,2026-04-23,Task 3 seed expansion: maintainer-authored entity_type against canonical verification reference,s00048ri,high
iclr_trustworthy_ml,founded_date,https://iclr.cc/,human_verification,2026-04-23,Task 3 seed expansion: maintainer-authored founded_date against canonical verification reference,s00048ri,high
iclr_trustworthy_ml,current_state,https://iclr.cc/,human_verification,2026-04-23,Task 3 seed expansion: maintainer-authored current_state against canonical verification reference,s00048ri,high
iclr_trustworthy_ml,legal_character,https://iclr.cc/,human_verification,2026-04-23,Task 3 seed expansion: maintainer-authored legal_character against canonical verification reference,s00048ri,high
aaai_safe_ai_track,entity_type,https://aaai.org/conference/aaai/,human_verification,2026-04-23,Task 3 seed expansion: maintainer-authored entity_type against canonical verification reference,s00048ri,high
aaai_safe_ai_track,founded_date,https://aaai.org/conference/aaai/,human_verification,2026-04-23,Task 3 seed expansion: maintainer-authored founded_date against canonical verification reference,s00048ri,high
aaai_safe_ai_track,current_state,https://aaai.org/conference/aaai/,human_verification,2026-04-23,Task 3 seed expansion: maintainer-authored current_state against canonical verification reference,s00048ri,high
aaai_safe_ai_track,legal_character,https://aaai.org/conference/aaai/,human_verification,2026-04-23,Task 3 seed expansion: maintainer-authored legal_character against canonical verification reference,s00048ri,high
acl_trustnlp,entity_type,https://trustnlpworkshop.github.io/,human_verification,2026-04-23,Task 3 seed expansion: maintainer-authored entity_type against canonical verification reference,s00048ri,high
acl_trustnlp,founded_date,https://trustnlpworkshop.github.io/,human_verification,2026-04-23,Task 3 seed expansion: maintainer-authored founded_date against canonical verification reference,s00048ri,high
acl_trustnlp,current_state,https://trustnlpworkshop.github.io/,human_verification,2026-04-23,Task 3 seed expansion: maintainer-authored current_state against canonical verification reference,s00048ri,high
acl_trustnlp,legal_character,https://trustnlpworkshop.github.io/,human_verification,2026-04-23,Task 3 seed expansion: maintainer-authored legal_character against canonical verification reference,s00048ri,high
eaamo,entity_type,https://eaamo.org/,human_verification,2026-04-23,Task 3 seed expansion: maintainer-authored entity_type against canonical verification reference,s00048ri,high
eaamo,founded_date,https://eaamo.org/,human_verification,2026-04-23,Task 3 seed expansion: maintainer-authored founded_date against canonical verification reference,s00048ri,high
eaamo,current_state,https://eaamo.org/,human_verification,2026-04-23,Task 3 seed expansion: maintainer-authored current_state against canonical verification reference,s00048ri,high
eaamo,legal_character,https://eaamo.org/,human_verification,2026-04-23,Task 3 seed expansion: maintainer-authored legal_character against canonical verification reference,s00048ri,high
forc,entity_type,https://responsiblecomputing.org/,human_verification,2026-04-23,Task 3 seed expansion: maintainer-authored entity_type against canonical verification reference,s00048ri,high
forc,founded_date,https://responsiblecomputing.org/,human_verification,2026-04-23,Task 3 seed expansion: maintainer-authored founded_date against canonical verification reference,s00048ri,high
forc,current_state,https://responsiblecomputing.org/,human_verification,2026-04-23,Task 3 seed expansion: maintainer-authored current_state against canonical verification reference,s00048ri,high
forc,legal_character,https://responsiblecomputing.org/,human_verification,2026-04-23,Task 3 seed expansion: maintainer-authored legal_character against canonical verification reference,s00048ri,high
icail,entity_type,https://iaail.org/,human_verification,2026-04-23,Task 3 seed expansion: maintainer-authored entity_type against canonical verification reference,s00048ri,high
icail,founded_date,https://iaail.org/,human_verification,2026-04-23,Task 3 seed expansion: maintainer-authored founded_date against canonical verification reference,s00048ri,high
icail,current_state,https://iaail.org/,human_verification,2026-04-23,Task 3 seed expansion: maintainer-authored current_state against canonical verification reference,s00048ri,high
icail,legal_character,https://iaail.org/,human_verification,2026-04-23,Task 3 seed expansion: maintainer-authored legal_character against canonical verification reference,s00048ri,high
web_summit_ai,entity_type,https://websummit.com/,human_verification,2026-04-23,Task 3 seed expansion: maintainer-authored entity_type against canonical verification reference,s00048ri,high
web_summit_ai,founded_date,https://websummit.com/,human_verification,2026-04-23,Task 3 seed expansion: maintainer-authored founded_date against canonical verification reference,s00048ri,high
web_summit_ai,current_state,https://websummit.com/,human_verification,2026-04-23,Task 3 seed expansion: maintainer-authored current_state against canonical verification reference,s00048ri,high
web_summit_ai,legal_character,https://websummit.com/,human_verification,2026-04-23,Task 3 seed expansion: maintainer-authored legal_character against canonical verification reference,s00048ri,high
cogx_london,entity_type,https://cogxfestival.com/,human_verification,2026-04-23,Task 3 seed expansion: maintainer-authored entity_type against canonical verification reference,s00048ri,high
cogx_london,founded_date,https://cogxfestival.com/,human_verification,2026-04-23,Task 3 seed expansion: maintainer-authored founded_date against canonical verification reference,s00048ri,high
cogx_london,current_state,https://cogxfestival.com/,human_verification,2026-04-23,Task 3 seed expansion: maintainer-authored current_state against canonical verification reference,s00048ri,high
cogx_london,legal_character,https://cogxfestival.com/,human_verification,2026-04-23,Task 3 seed expansion: maintainer-authored legal_character against canonical verification reference,s00048ri,high
responsible_ai_summit,entity_type,https://www.responsibleaisummit.com/,human_verification,2026-04-23,Task 3 seed expansion: maintainer-authored entity_type against canonical verification reference,s00048ri,high
responsible_ai_summit,founded_date,https://www.responsibleaisummit.com/,human_verification,2026-04-23,Task 3 seed expansion: maintainer-authored founded_date against canonical verification reference,s00048ri,high
responsible_ai_summit,current_state,https://www.responsibleaisummit.com/,human_verification,2026-04-23,Task 3 seed expansion: maintainer-authored current_state against canonical verification reference,s00048ri,high
responsible_ai_summit,legal_character,https://www.responsibleaisummit.com/,human_verification,2026-04-23,Task 3 seed expansion: maintainer-authored legal_character against canonical verification reference,s00048ri,high
reaim_hague_2023,entity_type,https://www.government.nl/topics/reaim,human_verification,2026-04-23,Task 3 seed expansion: maintainer-authored entity_type against canonical verification reference,s00048ri,high
reaim_hague_2023,founded_date,https://www.government.nl/topics/reaim,human_verification,2026-04-23,Task 3 seed expansion: maintainer-authored founded_date against canonical verification reference,s00048ri,high
reaim_hague_2023,current_state,https://www.government.nl/topics/reaim,human_verification,2026-04-23,Task 3 seed expansion: maintainer-authored current_state against canonical verification reference,s00048ri,high
reaim_hague_2023,legal_character,https://www.government.nl/topics/reaim,human_verification,2026-04-23,Task 3 seed expansion: maintainer-authored legal_character against canonical verification reference,s00048ri,high
reaim_seoul_2024,entity_type,https://reaim2024.kr/en/,human_verification,2026-04-23,Task 3 seed expansion: maintainer-authored entity_type against canonical verification reference,s00048ri,high
reaim_seoul_2024,founded_date,https://reaim2024.kr/en/,human_verification,2026-04-23,Task 3 seed expansion: maintainer-authored founded_date against canonical verification reference,s00048ri,high
reaim_seoul_2024,current_state,https://reaim2024.kr/en/,human_verification,2026-04-23,Task 3 seed expansion: maintainer-authored current_state against canonical verification reference,s00048ri,high
reaim_seoul_2024,legal_character,https://reaim2024.kr/en/,human_verification,2026-04-23,Task 3 seed expansion: maintainer-authored legal_character against canonical verification reference,s00048ri,high
oecd_ai_ministerial_2024,entity_type,https://www.oecd.org/en/about/events/2024/05/oecd-ministerial-council-meeting-2024.html,human_verification,2026-04-23,Task 3 seed expansion: maintainer-authored entity_type against canonical verification reference,s00048ri,high
oecd_ai_ministerial_2024,founded_date,https://www.oecd.org/en/about/events/2024/05/oecd-ministerial-council-meeting-2024.html,human_verification,2026-04-23,Task 3 seed expansion: maintainer-authored founded_date against canonical verification reference,s00048ri,high
oecd_ai_ministerial_2024,current_state,https://www.oecd.org/en/about/events/2024/05/oecd-ministerial-council-meeting-2024.html,human_verification,2026-04-23,Task 3 seed expansion: maintainer-authored current_state against canonical verification reference,s00048ri,high
oecd_ai_ministerial_2024,legal_character,https://www.oecd.org/en/about/events/2024/05/oecd-ministerial-council-meeting-2024.html,human_verification,2026-04-23,Task 3 seed expansion: maintainer-authored legal_character against canonical verification reference,s00048ri,high
india_gpai_summit_2023,entity_type,https://gpai.ai/projects/gpai-summit-2023/,human_verification,2026-04-23,Task 3 seed expansion: maintainer-authored entity_type against canonical verification reference,s00048ri,high
india_gpai_summit_2023,founded_date,https://gpai.ai/projects/gpai-summit-2023/,human_verification,2026-04-23,Task 3 seed expansion: maintainer-authored founded_date against canonical verification reference,s00048ri,high
india_gpai_summit_2023,current_state,https://gpai.ai/projects/gpai-summit-2023/,human_verification,2026-04-23,Task 3 seed expansion: maintainer-authored current_state against canonical verification reference,s00048ri,high
india_gpai_summit_2023,legal_character,https://gpai.ai/projects/gpai-summit-2023/,human_verification,2026-04-23,Task 3 seed expansion: maintainer-authored legal_character against canonical verification reference,s00048ri,high
